Employee_ID,Employee_Name, Employee_Email,Employee_Salary,Attendance_Type_ID,Position_ID
1,Mariam Jamous,mariam.jamous@gmail.com,3000,1,5
2,Mustafa AbuSalah,mustafa.abusalah@gmail.com,2800,2,4
3,Sami AbedRabbo,sami.abedrabbo@gmail.com,3000,2,5
4,Huda Jaber,huda.jaber@gmail.com,3200,2,6
5,Jaber Daher,jaber.daher@gmail.com,3600,2,8
6,Farah Mansour,farah.mansour@gmail.com,3400,2,7
7,Adnan AbuShawish,adnan.abushawish@gmail.com,2800,1,4
8,Safia AbuSalah,safia.abusalah@gmail.com,2200,2,1
9,Lina Abed,lina.abed@gmail.com,2400,1,2
10,Huda Aweidah,huda.aweidah@gmail.com,3400,1,7
11,Abdullah AbuKhater,abdullah.abukhater@gmail.com,4000,2,10
12,Adnan Daher,adnan.daher@gmail.com,2800,1,4
13,Abdullah Rahman,abdullah.rahman@gmail.com,3400,2,7
14,Mona Jamous,mona.jamous@gmail.com,2800,2,4
15,Saeed Zayed,saeed.zayed@gmail.com,3600,2,8
16,Maya AbedRabbo,maya.abedrabbo@gmail.com,2800,2,4
17,Rania AbuZaid,rania.abuzaid@gmail.com,2800,2,4
18,Saeed Aweidah,saeed.aweidah@gmail.com,3000,1,5
19,Musa Zayed,musa.zayed@gmail.com,2800,2,4
20,Ibrahim AbuShawish,ibrahim.abushawish@gmail.com,2200,2,1
21,Huda AboShehada,huda.aboshehada@gmail.com,3400,2,7
22,Saeed Tamimi,saeed.tamimi@gmail.com,3400,2,7
23,Sami AbuSaad,sami.abusaad@gmail.com,3400,2,7
24,Hassan Shalabi,hassan.shalabi@gmail.com,3800,2,9
25,Rana Jabr,rana.jabr@gmail.com,2200,2,1
26,Khalid Qasim,khalid.qasim@gmail.com,2800,2,4
27,Jasmine Hamad,jasmine.hamad@gmail.com,3200,1,6
28,Mona AbuShkeir,mona.abushkeir@gmail.com,3600,1,8
29,Nadia AboShehada,nadia.aboshehada@gmail.com,4000,2,10
30,Ali Jaber,ali.jaber@gmail.com,3600,1,8
31,Sara Shtayyeh,sara.shtayyeh@gmail.com,3600,2,8
32,Nour Nassar,nour.nassar@gmail.com,3800,1,9
33,Mona AbuZaid,mona.abuzaid@gmail.com,3200,2,6
34,Mariam Jabr,mariam.jabr@gmail.com,2400,2,2
35,Tala Elayan,tala.elayan@gmail.com,2600,1,3
36,Maya AboShehada,maya.aboshehada@gmail.com,2200,1,1
37,Dina Saleh,dina.saleh@gmail.com,3800,2,9
38,Sara AbuZaid,sara.abuzaid@gmail.com,3000,1,5
39,Rania Zayed,rania.zayed@gmail.com,3800,1,9
40,Farah AbuSaad,farah.abusaad@gmail.com,4000,2,10
41,Safia Badawi,safia.badawi@gmail.com,3200,1,6
42,Mona Rahman,mona.rahman@gmail.com,2400,1,2
43,Salim Zayed,salim.zayed@gmail.com,2600,1,3
44,Amina Zeidan,amina.zeidan@gmail.com,2200,1,1
45,Yara Aweidah,yara.aweidah@gmail.com,3000,1,5
46,Yousef Jamous,yousef.jamous@gmail.com,3200,2,6
47,Dina Zaanin,dina.zaanin@gmail.com,4000,2,10
48,Rana Farah,rana.farah@gmail.com,3600,2,8
49,Rana Mansour,rana.mansour@gmail.com,3000,2,5
50,Mustafa AbuZaid,mustafa.abuzaid@gmail.com,3600,1,8
51,Hamza Shtayyeh,hamza.shtayyeh@gmail.com,4000,1,10
52,Zainab AboShehada,zainab.aboshehada@gmail.com,2400,2,2
53,Mahmoud Saleh,mahmoud.saleh@gmail.com,3800,1,9
54,Safia Hammad,safia.hammad@gmail.com,4000,1,10
55,Zahra Qattan,zahra.qattan@gmail.com,3600,1,8
56,Nour Sarsour,nour.sarsour@gmail.com,4000,2,10
57,Tala Mahameed,tala.mahameed@gmail.com,3600,2,8
58,Ali Hasan,ali.hasan@gmail.com,3400,2,7
59,Musa Shamasneh,musa.shamasneh@gmail.com,3400,2,7
60,Mahmoud Badawi,mahmoud.badawi@gmail.com,2400,1,2
61,Safia Younis,safia.younis@gmail.com,3200,1,6
62,Amina AbuGhazaleh,amina.abughazaleh@gmail.com,2600,2,3
63,Safia Zayed,safia.zayed@gmail.com,2200,2,1
64,Nadia Farah,nadia.farah@gmail.com,2200,2,1
65,Mustafa Badawi,mustafa.badawi@gmail.com,2200,1,1
66,Mona AbuAmara,mona.abuamara@gmail.com,2800,2,4
67,Mustafa Saleh,mustafa.saleh@gmail.com,3600,2,8
68,Nadia AboShehada,nadia.aboshehada@gmail.com,3000,2,5
69,Jasmine Hamad,jasmine.hamad@gmail.com,4000,2,10
70,Zainab Sulaiman,zainab.sulaiman@gmail.com,2200,1,1
71,Amira Daher,amira.daher@gmail.com,3200,2,6
72,Hassan Farah,hassan.farah@gmail.com,3800,1,9
73,Nour AbuKharma,nour.abukharma@gmail.com,2400,1,2
74,Musa AbuGhazaleh,musa.abughazaleh@gmail.com,3800,2,9
75,Amira Jabr,amira.jabr@gmail.com,2800,2,4
76,Sami Qasim,sami.qasim@gmail.com,3800,2,9
77,Salim Younis,salim.younis@gmail.com,2200,2,1
78,Khalid Hamad,khalid.hamad@gmail.com,3000,1,5
79,Ahmed Zeidan,ahmed.zeidan@gmail.com,2800,1,4
80,Hassan Zeidan,hassan.zeidan@gmail.com,3200,2,6
81,Jasmine AbuShawish,jasmine.abushawish@gmail.com,2200,1,1
82,Musa AbedRabbo,musa.abedrabbo@gmail.com,2200,1,1
83,Hamza Abed,hamza.abed@gmail.com,3400,1,7
84,Lina Sarsour,lina.sarsour@gmail.com,3200,1,6
85,Huda Hamoudeh,huda.hamoudeh@gmail.com,3600,1,8
86,Sami AbuAmara,sami.abuamara@gmail.com,4000,2,10
87,Tariq Hammad,tariq.hammad@gmail.com,3200,2,6
88,Rashid Nassar,rashid.nassar@gmail.com,3400,2,7
89,Aisha Rahman,aisha.rahman@gmail.com,3000,1,5
90,Yassin Abed,yassin.abed@gmail.com,3400,1,7
91,Rashid Badawi,rashid.badawi@gmail.com,2200,2,1
92,Maya AbuZaid,maya.abuzaid@gmail.com,3400,2,7
93,Abdullah Shalabi,abdullah.shalabi@gmail.com,3200,2,6
94,Mohammed AbuSaad,mohammed.abusaad@gmail.com,3400,2,7
95,Rania AbuGhazaleh,rania.abughazaleh@gmail.com,4000,1,10
96,Ali Badawi,ali.badawi@gmail.com,4000,2,10
97,Fatima Shtayyeh,fatima.shtayyeh@gmail.com,3400,2,7
98,Hana Rahman,hana.rahman@gmail.com,2200,1,1
99,Rashid Mansour,rashid.mansour@gmail.com,3800,2,9
100,Fatima Shalabi,fatima.shalabi@gmail.com,3600,1,8
101,Hamza Nassar,hamza.nassar@gmail.com,2400,2,2
102,Tariq Khalaf,tariq.khalaf@gmail.com,2400,2,2
103,Tariq AbuShawish,tariq.abushawish@gmail.com,3400,1,7
104,Leila Najjar,leila.najjar@gmail.com,3600,1,8
105,Hana Saleh,hana.saleh@gmail.com,4000,2,10
106,Rashid Shalabi,rashid.shalabi@gmail.com,3800,2,9
107,Lina Aweidah,lina.aweidah@gmail.com,3800,2,9
108,Huda Zayed,huda.zayed@gmail.com,4000,1,10
109,Sami Jamous,sami.jamous@gmail.com,3200,2,6
110,Amina Qattan,amina.qattan@gmail.com,2800,2,4
111,Abdullah Qasim,abdullah.qasim@gmail.com,3800,1,9
112,Mona Rahman,mona.rahman@gmail.com,2200,2,1
113,Lina Najjar,lina.najjar@gmail.com,2800,2,4
114,Zainab Jamous,zainab.jamous@gmail.com,3200,1,6
115,Amina Younis,amina.younis@gmail.com,2800,2,4
116,Leila Jabr,leila.jabr@gmail.com,2200,1,1
117,Faisal Zayed,faisal.zayed@gmail.com,2800,1,4
118,Omar Mahameed,omar.mahameed@gmail.com,4000,2,10
119,Layla Farah,layla.farah@gmail.com,3600,1,8
120,Hana AbuKhater,hana.abukhater@gmail.com,3400,1,7
121,Mona Qasim,mona.qasim@gmail.com,3400,1,7
122,Adnan Shamasneh,adnan.shamasneh@gmail.com,2600,1,3
123,Mariam AbuGhazaleh,mariam.abughazaleh@gmail.com,4000,1,10
124,Leila Hamad,leila.hamad@gmail.com,3200,2,6
125,Layla AbuGhazaleh,layla.abughazaleh@gmail.com,3000,1,5
126,Dina Jaber,dina.jaber@gmail.com,3000,2,5
127,Mustafa Zuaiter,mustafa.zuaiter@gmail.com,3400,1,7
128,Safia Jamous,safia.jamous@gmail.com,3800,2,9
129,Leila Younis,leila.younis@gmail.com,2400,1,2
130,Musa Jaber,musa.jaber@gmail.com,2600,2,3
131,Mariam AbuZaid,mariam.abuzaid@gmail.com,3800,1,9
132,Rana Hasan,rana.hasan@gmail.com,4000,1,10
133,Nasser AboShehada,nasser.aboshehada@gmail.com,3000,1,5
134,Hana Salman,hana.salman@gmail.com,4000,1,10
135,Zahra Tamimi,zahra.tamimi@gmail.com,2600,1,3
136,Yassin Saleh,yassin.saleh@gmail.com,2800,1,4
137,Salim Qattan,salim.qattan@gmail.com,4000,2,10
138,Jaber Mansour,jaber.mansour@gmail.com,3800,1,9
139,Samira Sulaiman,samira.sulaiman@gmail.com,3000,2,5
140,Sara AbuKharma,sara.abukharma@gmail.com,2200,2,1
141,Ibrahim AbuKharma,ibrahim.abukharma@gmail.com,3800,2,9
142,Hana Sulaiman,hana.sulaiman@gmail.com,2400,1,2
143,Hassan Jamous,hassan.jamous@gmail.com,3000,2,5
144,Mustafa Zaanin,mustafa.zaanin@gmail.com,2400,1,2
145,Adnan Jaber,adnan.jaber@gmail.com,3800,2,9
146,Nadia Jaber,nadia.jaber@gmail.com,4000,1,10
147,Mira Elayan,mira.elayan@gmail.com,4000,1,10
148,Fatima Shamasneh,fatima.shamasneh@gmail.com,4000,2,10
149,Amira Rahman,amira.rahman@gmail.com,3400,1,7
150,Mustafa AbuShkeir,mustafa.abushkeir@gmail.com,3800,1,9
151,Samira Hammad,samira.hammad@gmail.com,2600,2,3
152,Abdullah Younis,abdullah.younis@gmail.com,2600,2,3
153,Saeed Farah,saeed.farah@gmail.com,3000,1,5
154,Dina Mahameed,dina.mahameed@gmail.com,3600,1,8
155,Amina AbuSalah,amina.abusalah@gmail.com,3000,1,5
156,Zainab Sarsour,zainab.sarsour@gmail.com,4000,1,10
157,Lina Farah,lina.farah@gmail.com,3800,2,9
158,Omar Daher,omar.daher@gmail.com,3200,1,6
159,Yassin Ibrihaim,yassin.ibrihaim@gmail.com,3600,2,8
160,Hamza Najjar,hamza.najjar@gmail.com,2800,1,4
161,Ahmed Ibrihaim,ahmed.ibrihaim@gmail.com,2400,2,2
162,Ali AbuGhazaleh,ali.abughazaleh@gmail.com,4000,1,10
163,Tariq AbedRabbo,tariq.abedrabbo@gmail.com,3600,2,8
164,Fatima AbuShawish,fatima.abushawish@gmail.com,3800,2,9
165,Nadia Qattan,nadia.qattan@gmail.com,4000,1,10
166,Amira AbuShawish,amira.abushawish@gmail.com,2400,2,2
167,Ibrahim Nassar,ibrahim.nassar@gmail.com,2400,1,2
168,Saeed AbuShawish,saeed.abushawish@gmail.com,3400,2,7
169,Rania Qasim,rania.qasim@gmail.com,2200,1,1
170,Sara Elayan,sara.elayan@gmail.com,3000,1,5
171,Yassin Salman,yassin.salman@gmail.com,2800,2,4
172,Adnan Saleh,adnan.saleh@gmail.com,3600,2,8
173,Mira AboShehada,mira.aboshehada@gmail.com,3400,2,7
174,Omar Salman,omar.salman@gmail.com,3800,2,9
175,Nasser Shtayyeh,nasser.shtayyeh@gmail.com,4000,1,10
176,Safia Zaanin,safia.zaanin@gmail.com,3800,2,9
177,Adnan Khalaf,adnan.khalaf@gmail.com,2400,2,2
178,Leila Zuaiter,leila.zuaiter@gmail.com,3000,2,5
179,Rania Rahman,rania.rahman@gmail.com,3000,1,5
180,Khalid Saleh,khalid.saleh@gmail.com,3400,1,7
181,Lina Masri,lina.masri@gmail.com,3400,2,7
182,Mahmoud AbuAmara,mahmoud.abuamara@gmail.com,3600,2,8
183,Khalid Sulaiman,khalid.sulaiman@gmail.com,2400,2,2
184,Dina Zaanin,dina.zaanin@gmail.com,2200,2,1
185,Jaber AbuShawish,jaber.abushawish@gmail.com,3000,1,5
186,Khalid Jamous,khalid.jamous@gmail.com,4000,2,10
187,Zainab Mahameed,zainab.mahameed@gmail.com,2600,1,3
188,Jaber AbuSalah,jaber.abusalah@gmail.com,3800,2,9
189,Yousef Sarsour,yousef.sarsour@gmail.com,2200,1,1
190,Adnan Younis,adnan.younis@gmail.com,2400,2,2
191,Zainab AbuShkeir,zainab.abushkeir@gmail.com,4000,2,10
192,Mahmoud Tamimi,mahmoud.tamimi@gmail.com,2800,1,4
193,Leila AbuKharma,leila.abukharma@gmail.com,3000,1,5
194,Faisal Zaanin,faisal.zaanin@gmail.com,3800,2,9
195,Amira AbuAmara,amira.abuamara@gmail.com,2400,2,2
196,Zahra AboShehada,zahra.aboshehada@gmail.com,2600,1,3
197,Omar AbuSalah,omar.abusalah@gmail.com,2200,1,1
198,Aisha Masri,aisha.masri@gmail.com,4000,1,10
199,Zainab Shtayyeh,zainab.shtayyeh@gmail.com,3200,2,6
200,Ahmed Hamad,ahmed.hamad@gmail.com,2200,1,1
201,Hana Odeh,hana.odeh@gmail.com,3000,1,5
202,Leila Hammad,leila.hammad@gmail.com,2800,1,4
203,Musa Younis,musa.younis@gmail.com,2400,2,2
204,Yara Rahman,yara.rahman@gmail.com,2600,2,3
205,Amira AbuSaad,amira.abusaad@gmail.com,3000,1,5
206,Nour Sarsour,nour.sarsour@gmail.com,2600,1,3
207,Tariq Farah,tariq.farah@gmail.com,3000,1,5
208,Hana Taha,hana.taha@gmail.com,2600,1,3
209,Dina Hammad,dina.hammad@gmail.com,3800,2,9
210,Ali Sulaiman,ali.sulaiman@gmail.com,2200,2,1
211,Samira Masri,samira.masri@gmail.com,3200,2,6
212,Zainab Badawi,zainab.badawi@gmail.com,3200,1,6
213,Fatima Qasim,fatima.qasim@gmail.com,3400,2,7
214,Saeed Jabr,saeed.jabr@gmail.com,4000,1,10
215,Rashid AbuGhazaleh,rashid.abughazaleh@gmail.com,4000,2,10
216,Rana Hamoudeh,rana.hamoudeh@gmail.com,4000,2,10
217,Musa Masri,musa.masri@gmail.com,3800,2,9
218,Sami AbuShawish,sami.abushawish@gmail.com,2200,1,1
219,Khalid Abed,khalid.abed@gmail.com,3800,2,9
220,Leila Qasim,leila.qasim@gmail.com,3000,1,5
221,Rania Elayan,rania.elayan@gmail.com,2400,2,2
222,Mustafa Sarsour,mustafa.sarsour@gmail.com,4000,2,10
223,Yousef Daher,yousef.daher@gmail.com,2800,1,4
224,Omar Zaanin,omar.zaanin@gmail.com,3200,1,6
225,Zainab Jamous,zainab.jamous@gmail.com,4000,1,10
226,Sara Najjar,sara.najjar@gmail.com,3600,1,8
227,Yousef Younis,yousef.younis@gmail.com,2400,2,2
228,Zainab Najjar,zainab.najjar@gmail.com,3400,1,7
229,Mahmoud AbuKhater,mahmoud.abukhater@gmail.com,3600,1,8
230,Mira Khalaf,mira.khalaf@gmail.com,2400,1,2
231,Samira Mahameed,samira.mahameed@gmail.com,2800,1,4
232,Maya Rahman,maya.rahman@gmail.com,2400,2,2
233,Yassin Ibrihaim,yassin.ibrihaim@gmail.com,3400,2,7
234,Farah Qasim,farah.qasim@gmail.com,2200,1,1
235,Tariq AbuSaad,tariq.abusaad@gmail.com,3200,2,6
236,Mira Jabr,mira.jabr@gmail.com,3400,2,7
237,Hamza Sarsour,hamza.sarsour@gmail.com,2400,1,2
238,Farah Jamous,farah.jamous@gmail.com,2800,1,4
239,Sara AbuShkeir,sara.abushkeir@gmail.com,2800,2,4
240,Hamza Sarsour,hamza.sarsour@gmail.com,3200,1,6
241,Adnan Mansour,adnan.mansour@gmail.com,2400,2,2
242,Mariam Shalabi,mariam.shalabi@gmail.com,2800,2,4
243,Zahra Aweidah,zahra.aweidah@gmail.com,2600,2,3
244,Farah Sulaiman,farah.sulaiman@gmail.com,3800,2,9
245,Ibrahim Badawi,ibrahim.badawi@gmail.com,2800,2,4
246,Hana Elayan,hana.elayan@gmail.com,3400,2,7
247,Saeed Abed,saeed.abed@gmail.com,3000,1,5
248,Rashid Salman,rashid.salman@gmail.com,2800,1,4
249,Amina Saleh,amina.saleh@gmail.com,3200,2,6
250,Mustafa Zeidan,mustafa.zeidan@gmail.com,3400,1,7
251,Lina Jaber,lina.jaber@gmail.com,3200,2,6
252,Aisha AbuSaad,aisha.abusaad@gmail.com,2200,1,1
253,Amira Shtayyeh,amira.shtayyeh@gmail.com,3800,1,9
254,Mona AbuGhazaleh,mona.abughazaleh@gmail.com,3600,2,8
255,Aisha Hammad,aisha.hammad@gmail.com,2800,1,4
256,Rana Tamimi,rana.tamimi@gmail.com,3200,1,6
257,Layla Hamoudeh,layla.hamoudeh@gmail.com,2200,2,1
258,Jaber Shtayyeh,jaber.shtayyeh@gmail.com,3000,1,5
259,Nadia Mansour,nadia.mansour@gmail.com,2400,2,2
260,Ahmed Zayed,ahmed.zayed@gmail.com,3800,2,9
261,Adnan Abed,adnan.abed@gmail.com,2600,2,3
262,Abdullah AbuShkeir,abdullah.abushkeir@gmail.com,3000,2,5
263,Dina AboShehada,dina.aboshehada@gmail.com,2400,1,2
264,Yousef Hasan,yousef.hasan@gmail.com,4000,1,10
265,Fatima Zayed,fatima.zayed@gmail.com,3000,1,5
266,Amira Khalaf,amira.khalaf@gmail.com,2800,2,4
267,Yassin Daher,yassin.daher@gmail.com,2600,2,3
268,Nour Sarsour,nour.sarsour@gmail.com,4000,2,10
269,Dina Saleh,dina.saleh@gmail.com,3000,2,5
270,Mona Rahman,mona.rahman@gmail.com,3400,2,7
271,Rashid AbuAmara,rashid.abuamara@gmail.com,3000,2,5
272,Jasmine Shtayyeh,jasmine.shtayyeh@gmail.com,3600,1,8
273,Ali Saleh,ali.saleh@gmail.com,3000,1,5
274,Abdullah Jabr,abdullah.jabr@gmail.com,4000,2,10
275,Salim Qattan,salim.qattan@gmail.com,2800,1,4
276,Omar Jabr,omar.jabr@gmail.com,2800,2,4
277,Leila Farah,leila.farah@gmail.com,2400,1,2
278,Mira Khalaf,mira.khalaf@gmail.com,4000,2,10
279,Hassan AbuShawish,hassan.abushawish@gmail.com,3600,1,8
280,Layla AbuAmara,layla.abuamara@gmail.com,2800,1,4
281,Khalid AbedRabbo,khalid.abedrabbo@gmail.com,2400,1,2
282,Mona Shtayyeh,mona.shtayyeh@gmail.com,3600,2,8
283,Ali Shamasneh,ali.shamasneh@gmail.com,2400,1,2
284,Hassan AbuZaid,hassan.abuzaid@gmail.com,3800,2,9
285,Ahmed Jamous,ahmed.jamous@gmail.com,3600,1,8
286,Yara Qasim,yara.qasim@gmail.com,2400,1,2
287,Khalid Salman,khalid.salman@gmail.com,3200,1,6
288,Omar Mansour,omar.mansour@gmail.com,3200,1,6
289,Jaber Daher,jaber.daher@gmail.com,4000,1,10
290,Aisha Ibrihaim,aisha.ibrihaim@gmail.com,3000,1,5
291,Lina AboShehada,lina.aboshehada@gmail.com,3800,2,9
292,Nour AbuSaad,nour.abusaad@gmail.com,3000,2,5
293,Faisal AbuGhazaleh,faisal.abughazaleh@gmail.com,3800,2,9
294,Yassin Shamasneh,yassin.shamasneh@gmail.com,2200,1,1
295,Ali Zaanin,ali.zaanin@gmail.com,2400,2,2
296,Hassan Sarsour,hassan.sarsour@gmail.com,3000,2,5
297,Tala Taha,tala.taha@gmail.com,3400,1,7
298,Ibrahim Mansour,ibrahim.mansour@gmail.com,3600,1,8
299,Lina AbuSalah,lina.abusalah@gmail.com,2400,2,2
300,Sara Qattan,sara.qattan@gmail.com,3800,2,9
301,Faisal AbuGhazaleh,faisal.abughazaleh@gmail.com,4000,2,10
302,Ibrahim AbedRabbo,ibrahim.abedrabbo@gmail.com,3000,1,5
303,Tala Hamoudeh,tala.hamoudeh@gmail.com,4000,2,10
304,Musa Ibrihaim,musa.ibrihaim@gmail.com,3000,1,5
305,Layla Khalaf,layla.khalaf@gmail.com,3800,1,9
306,Farah Nassar,farah.nassar@gmail.com,2800,1,4
307,Musa Odeh,musa.odeh@gmail.com,4000,2,10
308,Adnan Mansour,adnan.mansour@gmail.com,3200,1,6
309,Abdullah Odeh,abdullah.odeh@gmail.com,2800,1,4
310,Yousef Qasim,yousef.qasim@gmail.com,3600,2,8
311,Farah AbuKharma,farah.abukharma@gmail.com,3000,2,5
312,Hassan Hamad,hassan.hamad@gmail.com,4000,1,10
313,Jaber Elayan,jaber.elayan@gmail.com,3000,2,5
314,Lina Nassar,lina.nassar@gmail.com,3400,1,7
315,Salim Jabr,salim.jabr@gmail.com,4000,2,10
316,Fatima Hamoudeh,fatima.hamoudeh@gmail.com,2800,2,4
317,Yousef Sulaiman,yousef.sulaiman@gmail.com,2800,1,4
318,Leila Khalaf,leila.khalaf@gmail.com,3200,2,6
319,Adnan AbedRabbo,adnan.abedrabbo@gmail.com,4000,2,10
320,Lina Odeh,lina.odeh@gmail.com,2600,2,3
321,Amina Mahameed,amina.mahameed@gmail.com,3400,2,7
322,Mira Hammad,mira.hammad@gmail.com,3000,2,5
323,Salim Badawi,salim.badawi@gmail.com,3200,1,6
324,Ahmed Qattan,ahmed.qattan@gmail.com,2200,1,1
325,Hassan Shamasneh,hassan.shamasneh@gmail.com,2800,2,4
326,Omar Najjar,omar.najjar@gmail.com,4000,2,10
327,Lina AbuKhater,lina.abukhater@gmail.com,2800,2,4
328,Mustafa Nassar,mustafa.nassar@gmail.com,3800,2,9
329,Aisha Qasim,aisha.qasim@gmail.com,2800,2,4
330,Rashid Jamous,rashid.jamous@gmail.com,3600,1,8
331,Mustafa Zeidan,mustafa.zeidan@gmail.com,3400,2,7
332,Abdullah Masri,abdullah.masri@gmail.com,3600,2,8
333,Mira AbuShkeir,mira.abushkeir@gmail.com,4000,2,10
334,Omar AbuGhazaleh,omar.abughazaleh@gmail.com,3800,2,9
335,Nadia Masri,nadia.masri@gmail.com,3400,1,7
336,Nasser Daher,nasser.daher@gmail.com,3800,1,9
337,Faisal Tamimi,faisal.tamimi@gmail.com,3400,1,7
338,Ahmed Ibrihaim,ahmed.ibrihaim@gmail.com,2400,1,2
339,Ahmed Zeidan,ahmed.zeidan@gmail.com,3200,1,6
340,Jasmine Masri,jasmine.masri@gmail.com,2800,2,4
341,Leila AbedRabbo,leila.abedrabbo@gmail.com,4000,2,10
342,Mustafa Zuaiter,mustafa.zuaiter@gmail.com,3400,1,7
343,Mira AbuKharma,mira.abukharma@gmail.com,2200,2,1
344,Musa Sulaiman,musa.sulaiman@gmail.com,2400,1,2
345,Safia Abed,safia.abed@gmail.com,2400,1,2
346,Abdullah Zayed,abdullah.zayed@gmail.com,2400,2,2
347,Nadia Najjar,nadia.najjar@gmail.com,2800,2,4
348,Safia Mansour,safia.mansour@gmail.com,4000,1,10
349,Rana Sarsour,rana.sarsour@gmail.com,3600,1,8
350,Sami Shamasneh,sami.shamasneh@gmail.com,3800,1,9
351,Lina Shamasneh,lina.shamasneh@gmail.com,4000,1,10
352,Faisal Jamous,faisal.jamous@gmail.com,3000,2,5
353,Mustafa Farah,mustafa.farah@gmail.com,4000,2,10
354,Mustafa AbuKharma,mustafa.abukharma@gmail.com,3000,2,5
355,Saeed Shtayyeh,saeed.shtayyeh@gmail.com,3000,1,5
356,Mira Shtayyeh,mira.shtayyeh@gmail.com,3000,1,5
357,Hassan AbuGhazaleh,hassan.abughazaleh@gmail.com,2600,1,3
358,Safia AbuSalah,safia.abusalah@gmail.com,3200,2,6
359,Adnan Elayan,adnan.elayan@gmail.com,3000,1,5
360,Sara Odeh,sara.odeh@gmail.com,3400,2,7
361,Abdullah AbuAmara,abdullah.abuamara@gmail.com,3400,1,7
362,Sami Rahman,sami.rahman@gmail.com,3400,1,7
363,Omar Mansour,omar.mansour@gmail.com,3400,2,7
364,Jasmine AbuKhater,jasmine.abukhater@gmail.com,3200,1,6
365,Jaber Shalabi,jaber.shalabi@gmail.com,3600,2,8
366,Mohammed Hasan,mohammed.hasan@gmail.com,2800,2,4
367,Nour Zeidan,nour.zeidan@gmail.com,3600,2,8
368,Nadia AbuSaad,nadia.abusaad@gmail.com,2200,2,1
369,Yara Shtayyeh,yara.shtayyeh@gmail.com,4000,1,10
370,Musa Salman,musa.salman@gmail.com,3000,2,5
371,Hamza Elayan,hamza.elayan@gmail.com,2600,2,3
372,Hana AbuGhazaleh,hana.abughazaleh@gmail.com,3400,2,7
373,Saeed Qattan,saeed.qattan@gmail.com,4000,1,10
374,Nasser Abed,nasser.abed@gmail.com,3800,1,9
375,Maya Taha,maya.taha@gmail.com,3600,2,8
376,Ibrahim Farah,ibrahim.farah@gmail.com,2400,2,2
377,Farah AbuZaid,farah.abuzaid@gmail.com,3600,1,8
378,Rania Qasim,rania.qasim@gmail.com,4000,1,10
379,Hamza Jaber,hamza.jaber@gmail.com,2600,2,3
380,Salim Jaber,salim.jaber@gmail.com,3600,1,8
381,Adnan Sulaiman,adnan.sulaiman@gmail.com,2600,1,3
382,Mira Shamasneh,mira.shamasneh@gmail.com,3400,2,7
383,Salim Rahman,salim.rahman@gmail.com,4000,2,10
384,Nadia Hamoudeh,nadia.hamoudeh@gmail.com,3400,2,7
385,Zainab Hamoudeh,zainab.hamoudeh@gmail.com,2800,2,4
386,Ahmed Younis,ahmed.younis@gmail.com,3800,1,9
387,Sara Jabr,sara.jabr@gmail.com,3200,1,6
388,Rashid Zayed,rashid.zayed@gmail.com,2400,2,2
389,Mohammed Mahameed,mohammed.mahameed@gmail.com,2800,1,4
390,Rania Saleh,rania.saleh@gmail.com,3200,1,6
391,Jasmine Nassar,jasmine.nassar@gmail.com,2200,2,1
392,Sami Masri,sami.masri@gmail.com,3200,1,6
393,Huda AbuKhater,huda.abukhater@gmail.com,3200,2,6
394,Nasser Sarsour,nasser.sarsour@gmail.com,3200,2,6
395,Salim Zuaiter,salim.zuaiter@gmail.com,3000,2,5
396,Ali Hamad,ali.hamad@gmail.com,2800,2,4
397,Aisha Zeidan,aisha.zeidan@gmail.com,3800,2,9
398,Sara Shalabi,sara.shalabi@gmail.com,2800,2,4
399,Ahmed Mansour,ahmed.mansour@gmail.com,2800,2,4
400,Mira AbuSaad,mira.abusaad@gmail.com,3200,2,6
401,Jaber AbuShkeir,jaber.abushkeir@gmail.com,3000,1,5
402,Zainab Hasan,zainab.hasan@gmail.com,3400,2,7
403,Sara Masri,sara.masri@gmail.com,2400,1,2
404,Jasmine Shamasneh,jasmine.shamasneh@gmail.com,2600,1,3
405,Nasser Salman,nasser.salman@gmail.com,3800,1,9
406,Yara Hasan,yara.hasan@gmail.com,4000,2,10
407,Rana Younis,rana.younis@gmail.com,2400,1,2
408,Ahmed Qasim,ahmed.qasim@gmail.com,2200,2,1
409,Abdullah Nassar,abdullah.nassar@gmail.com,3400,1,7
410,Maya AbuGhazaleh,maya.abughazaleh@gmail.com,4000,2,10
411,Rana Saleh,rana.saleh@gmail.com,3200,1,6
412,Samira Sulaiman,samira.sulaiman@gmail.com,3800,1,9
413,Rashid AbuSalah,rashid.abusalah@gmail.com,3200,2,6
414,Sami Saleh,sami.saleh@gmail.com,3800,1,9
415,Safia AbuKhater,safia.abukhater@gmail.com,3600,1,8
416,Ali AbuKhater,ali.abukhater@gmail.com,2800,2,4
417,Mustafa Mahameed,mustafa.mahameed@gmail.com,3000,1,5
418,Sara Sulaiman,sara.sulaiman@gmail.com,3600,1,8
419,Zainab Shtayyeh,zainab.shtayyeh@gmail.com,2800,2,4
420,Hassan Hasan,hassan.hasan@gmail.com,2200,1,1
421,Zainab AbuSaad,zainab.abusaad@gmail.com,2600,2,3
422,Jasmine Mansour,jasmine.mansour@gmail.com,3800,1,9
423,Mohammed Zuaiter,mohammed.zuaiter@gmail.com,3800,1,9
424,Salim AbuSalah,salim.abusalah@gmail.com,3000,1,5
425,Mira Daher,mira.daher@gmail.com,2800,1,4
426,Zahra Abed,zahra.abed@gmail.com,2800,1,4
427,Mustafa AbuShawish,mustafa.abushawish@gmail.com,3800,2,9
428,Faisal AbuKhater,faisal.abukhater@gmail.com,3000,2,5
429,Huda AbuSalah,huda.abusalah@gmail.com,4000,1,10
430,Nasser Mahameed,nasser.mahameed@gmail.com,3000,1,5
431,Jasmine Masri,jasmine.masri@gmail.com,2400,1,2
432,Tariq Zeidan,tariq.zeidan@gmail.com,2600,2,3
433,Aisha Zuaiter,aisha.zuaiter@gmail.com,2200,1,1
434,Samira Khalaf,samira.khalaf@gmail.com,3200,2,6
435,Sara Hasan,sara.hasan@gmail.com,2200,2,1
436,Rania AbuSaad,rania.abusaad@gmail.com,2200,1,1
437,Hana AbuZaid,hana.abuzaid@gmail.com,3000,1,5
438,Yousef Sarsour,yousef.sarsour@gmail.com,3200,1,6
439,Mustafa Zayed,mustafa.zayed@gmail.com,3400,2,7
440,Adnan AboShehada,adnan.aboshehada@gmail.com,3400,2,7
441,Aisha AbuKhater,aisha.abukhater@gmail.com,2800,1,4
442,Tala Zayed,tala.zayed@gmail.com,3600,1,8
443,Yassin Odeh,yassin.odeh@gmail.com,3000,2,5
444,Abdullah Mahameed,abdullah.mahameed@gmail.com,3200,2,6
445,Hassan AbuShawish,hassan.abushawish@gmail.com,4000,1,10
446,Nadia Mahameed,nadia.mahameed@gmail.com,4000,1,10
447,Zainab Zayed,zainab.zayed@gmail.com,3400,2,7
448,Lina AbuGhazaleh,lina.abughazaleh@gmail.com,3600,1,8
449,Safia Zeidan,safia.zeidan@gmail.com,2600,1,3
450,Mariam Younis,mariam.younis@gmail.com,3600,1,8
451,Mariam Hamoudeh,mariam.hamoudeh@gmail.com,3200,1,6
452,Mona Farah,mona.farah@gmail.com,3800,2,9
453,Rania Mansour,rania.mansour@gmail.com,2400,1,2
454,Rania Jabr,rania.jabr@gmail.com,2400,2,2
455,Yara AbuKhater,yara.abukhater@gmail.com,4000,2,10
456,Farah AbuKharma,farah.abukharma@gmail.com,2200,1,1
457,Adnan AbuGhazaleh,adnan.abughazaleh@gmail.com,2600,1,3
458,Ibrahim Jaber,ibrahim.jaber@gmail.com,2400,2,2
459,Nadia Nassar,nadia.nassar@gmail.com,4000,2,10
460,Farah Younis,farah.younis@gmail.com,4000,2,10
461,Mohammed Shtayyeh,mohammed.shtayyeh@gmail.com,2800,2,4
462,Farah AbuKharma,farah.abukharma@gmail.com,3400,1,7
463,Hassan AbuKhater,hassan.abukhater@gmail.com,4000,2,10
464,Dina Jamous,dina.jamous@gmail.com,3200,1,6
465,Mona Hammad,mona.hammad@gmail.com,2800,1,4
466,Ahmed Daher,ahmed.daher@gmail.com,3400,2,7
467,Mira AbuKharma,mira.abukharma@gmail.com,2200,1,1
468,Mira AbuShawish,mira.abushawish@gmail.com,2600,1,3
469,Faisal AbedRabbo,faisal.abedrabbo@gmail.com,3200,1,6
470,Hana AbuShkeir,hana.abushkeir@gmail.com,2200,1,1
471,Hamza Farah,hamza.farah@gmail.com,2600,2,3
472,Faisal AbuKharma,faisal.abukharma@gmail.com,2600,2,3
473,Omar Ibrihaim,omar.ibrihaim@gmail.com,2200,2,1
474,Zahra AbuSalah,zahra.abusalah@gmail.com,2800,1,4
475,Hamza Jabr,hamza.jabr@gmail.com,3800,1,9
476,Jasmine Mansour,jasmine.mansour@gmail.com,3600,1,8
477,Amira Tamimi,amira.tamimi@gmail.com,4000,2,10
478,Faisal Shalabi,faisal.shalabi@gmail.com,3200,2,6
479,Mira Hamoudeh,mira.hamoudeh@gmail.com,2600,1,3
480,Nadia Badawi,nadia.badawi@gmail.com,2800,1,4
481,Huda Ibrihaim,huda.ibrihaim@gmail.com,3400,2,7
482,Hamza Badawi,hamza.badawi@gmail.com,3800,2,9
483,Rashid AbuKharma,rashid.abukharma@gmail.com,3400,1,7
484,Omar AbedRabbo,omar.abedrabbo@gmail.com,2400,1,2
485,Hassan Younis,hassan.younis@gmail.com,2600,2,3
486,Samira Zeidan,samira.zeidan@gmail.com,4000,2,10
487,Layla Zuaiter,layla.zuaiter@gmail.com,2800,2,4
488,Amina Badawi,amina.badawi@gmail.com,3600,1,8
489,Abdullah Hamoudeh,abdullah.hamoudeh@gmail.com,3800,1,9
490,Omar Nassar,omar.nassar@gmail.com,2600,2,3
491,Tariq Zeidan,tariq.zeidan@gmail.com,3600,1,8
492,Hassan Hamoudeh,hassan.hamoudeh@gmail.com,3600,2,8
493,Hamza Qattan,hamza.qattan@gmail.com,3000,1,5
494,Hamza Hamad,hamza.hamad@gmail.com,3200,2,6
495,Amira Hammad,amira.hammad@gmail.com,2400,1,2
496,Rania Jabr,rania.jabr@gmail.com,2600,2,3
497,Hamza Najjar,hamza.najjar@gmail.com,3200,1,6
498,Nour AbuSalah,nour.abusalah@gmail.com,4000,2,10
499,Rania Jabr,rania.jabr@gmail.com,2800,2,4
500,Mariam AbedRabbo,mariam.abedrabbo@gmail.com,3600,2,8
501,Sara Nassar,sara.nassar@gmail.com,2800,1,4
502,Samira Khalaf,samira.khalaf@gmail.com,3400,2,7
503,Amina Sulaiman,amina.sulaiman@gmail.com,2800,1,4
504,Nour Jamous,nour.jamous@gmail.com,2600,1,3
505,Amina Khalaf,amina.khalaf@gmail.com,3600,1,8
506,Maya Hamoudeh,maya.hamoudeh@gmail.com,2400,1,2
507,Maya Masri,maya.masri@gmail.com,2200,1,1
508,Salim AbuSaad,salim.abusaad@gmail.com,3800,1,9
509,Rashid Younis,rashid.younis@gmail.com,3200,2,6
510,Huda Badawi,huda.badawi@gmail.com,2800,1,4
511,Faisal AbedRabbo,faisal.abedrabbo@gmail.com,3400,1,7
512,Abdullah Hamad,abdullah.hamad@gmail.com,2200,2,1
513,Rania Zayed,rania.zayed@gmail.com,3200,1,6
514,Sara Abed,sara.abed@gmail.com,3600,2,8
515,Nour AbuKhater,nour.abukhater@gmail.com,2800,2,4
516,Mona AbuSalah,mona.abusalah@gmail.com,4000,1,10
517,Adnan Odeh,adnan.odeh@gmail.com,3600,2,8
518,Mira Mansour,mira.mansour@gmail.com,2200,2,1
519,Sami Tamimi,sami.tamimi@gmail.com,4000,1,10
520,Farah Aweidah,farah.aweidah@gmail.com,3600,2,8
521,Rashid Saleh,rashid.saleh@gmail.com,3000,1,5
522,Tala Shtayyeh,tala.shtayyeh@gmail.com,2400,1,2
523,Adnan Najjar,adnan.najjar@gmail.com,3000,2,5
524,Amina Tamimi,amina.tamimi@gmail.com,3600,2,8
525,Adnan AbuSalah,adnan.abusalah@gmail.com,4000,2,10
526,Tala Ibrihaim,tala.ibrihaim@gmail.com,3000,2,5
527,Amina Daher,amina.daher@gmail.com,3400,1,7
528,Zainab Najjar,zainab.najjar@gmail.com,2400,2,2
529,Hassan AbuShawish,hassan.abushawish@gmail.com,3000,1,5
530,Rania Shalabi,rania.shalabi@gmail.com,3600,1,8
531,Huda Hasan,huda.hasan@gmail.com,4000,2,10
532,Samira Salman,samira.salman@gmail.com,4000,1,10
533,Aisha Younis,aisha.younis@gmail.com,3400,2,7
534,Maya Rahman,maya.rahman@gmail.com,3400,1,7
535,Layla Sarsour,layla.sarsour@gmail.com,3400,1,7
536,Hana Zeidan,hana.zeidan@gmail.com,4000,2,10
537,Mohammed Abed,mohammed.abed@gmail.com,2800,2,4
538,Musa Ibrihaim,musa.ibrihaim@gmail.com,3600,1,8
539,Rana Aweidah,rana.aweidah@gmail.com,4000,1,10
540,Fatima Zayed,fatima.zayed@gmail.com,3400,1,7
541,Hamza Nassar,hamza.nassar@gmail.com,2600,2,3
542,Layla AbuKhater,layla.abukhater@gmail.com,3600,1,8
543,Yousef Abed,yousef.abed@gmail.com,4000,1,10
544,Omar Ibrihaim,omar.ibrihaim@gmail.com,4000,2,10
545,Dina Hamad,dina.hamad@gmail.com,2800,1,4
546,Ibrahim Farah,ibrahim.farah@gmail.com,3200,1,6
547,Yara Zayed,yara.zayed@gmail.com,2200,1,1
548,Tala AbuShkeir,tala.abushkeir@gmail.com,3200,2,6
549,Khalid AbuSaad,khalid.abusaad@gmail.com,3800,2,9
550,Hamza Hasan,hamza.hasan@gmail.com,3800,2,9
551,Jaber AbuZaid,jaber.abuzaid@gmail.com,3200,1,6
552,Jaber Zayed,jaber.zayed@gmail.com,2400,1,2
553,Mahmoud Salman,mahmoud.salman@gmail.com,3400,1,7
554,Hamza AbuKhater,hamza.abukhater@gmail.com,2600,2,3
555,Yassin Jaber,yassin.jaber@gmail.com,3600,2,8
556,Nour Badawi,nour.badawi@gmail.com,4000,1,10
557,Rana Shamasneh,rana.shamasneh@gmail.com,3600,1,8
558,Mahmoud Hamad,mahmoud.hamad@gmail.com,2200,2,1
559,Jasmine Masri,jasmine.masri@gmail.com,3800,1,9
560,Mahmoud Jamous,mahmoud.jamous@gmail.com,2800,1,4
561,Nour Elayan,nour.elayan@gmail.com,4000,1,10
562,Zahra Saleh,zahra.saleh@gmail.com,3000,1,5
563,Lina Daher,lina.daher@gmail.com,4000,2,10
564,Tala AboShehada,tala.aboshehada@gmail.com,3000,2,5
565,Sami Rahman,sami.rahman@gmail.com,2800,1,4
566,Mira Jabr,mira.jabr@gmail.com,3800,2,9
567,Fatima AbuShkeir,fatima.abushkeir@gmail.com,2200,1,1
568,Mustafa Najjar,mustafa.najjar@gmail.com,3400,1,7
569,Omar Odeh,omar.odeh@gmail.com,4000,2,10
570,Samira Zayed,samira.zayed@gmail.com,2200,2,1
571,Nadia Zuaiter,nadia.zuaiter@gmail.com,2400,2,2
572,Abdullah Masri,abdullah.masri@gmail.com,3600,2,8
573,Abdullah Jabr,abdullah.jabr@gmail.com,3200,2,6
574,Saeed Aweidah,saeed.aweidah@gmail.com,4000,2,10
575,Jaber Rahman,jaber.rahman@gmail.com,3200,1,6
576,Salim AbuKhater,salim.abukhater@gmail.com,3600,2,8
577,Yara Mahameed,yara.mahameed@gmail.com,3200,1,6
578,Sami Rahman,sami.rahman@gmail.com,2600,1,3
579,Ibrahim Younis,ibrahim.younis@gmail.com,2400,1,2
580,Yousef Ibrihaim,yousef.ibrihaim@gmail.com,3800,1,9
581,Dina Abed,dina.abed@gmail.com,2400,1,2
582,Nour Daher,nour.daher@gmail.com,3200,2,6
583,Mona Hasan,mona.hasan@gmail.com,3600,2,8
584,Rashid Hamoudeh,rashid.hamoudeh@gmail.com,3000,2,5
585,Huda Sulaiman,huda.sulaiman@gmail.com,3400,1,7
586,Nasser Mansour,nasser.mansour@gmail.com,4000,1,10
587,Nasser AbuSalah,nasser.abusalah@gmail.com,2200,2,1
588,Ahmed AbuShawish,ahmed.abushawish@gmail.com,2600,1,3
589,Safia Qasim,safia.qasim@gmail.com,3800,2,9
590,Amira Mansour,amira.mansour@gmail.com,3600,1,8
591,Farah Hamoudeh,farah.hamoudeh@gmail.com,2400,2,2
592,Rashid AboShehada,rashid.aboshehada@gmail.com,3800,1,9
593,Khalid Farah,khalid.farah@gmail.com,2600,1,3
594,Yassin Najjar,yassin.najjar@gmail.com,2200,1,1
595,Amira Saleh,amira.saleh@gmail.com,3800,2,9
596,Faisal AbuGhazaleh,faisal.abughazaleh@gmail.com,2200,1,1
597,Aisha Jamous,aisha.jamous@gmail.com,2200,2,1
598,Dina Qattan,dina.qattan@gmail.com,3800,2,9
599,Nour Tamimi,nour.tamimi@gmail.com,3200,2,6
600,Samira AbuSalah,samira.abusalah@gmail.com,2600,1,3
601,Nour Jabr,nour.jabr@gmail.com,2800,2,4
602,Sami AbuSaad,sami.abusaad@gmail.com,2200,1,1
603,Nour Khalaf,nour.khalaf@gmail.com,2600,2,3
604,Mahmoud Odeh,mahmoud.odeh@gmail.com,2400,1,2
605,Mustafa Sulaiman,mustafa.sulaiman@gmail.com,3800,2,9
606,Omar Shtayyeh,omar.shtayyeh@gmail.com,2400,2,2
607,Mariam Saleh,mariam.saleh@gmail.com,3400,2,7
608,Ahmed Ibrihaim,ahmed.ibrihaim@gmail.com,3600,2,8
609,Leila Abed,leila.abed@gmail.com,3000,2,5
610,Rashid Shtayyeh,rashid.shtayyeh@gmail.com,3400,2,7
611,Saeed AbuAmara,saeed.abuamara@gmail.com,3000,2,5
612,Amina Qattan,amina.qattan@gmail.com,3200,1,6
613,Rana Zeidan,rana.zeidan@gmail.com,3400,2,7
614,Khalid Tamimi,khalid.tamimi@gmail.com,2600,1,3
615,Lina AboShehada,lina.aboshehada@gmail.com,2400,1,2
616,Samira AbedRabbo,samira.abedrabbo@gmail.com,2800,2,4
617,Hana Salman,hana.salman@gmail.com,3400,1,7
618,Nadia Zayed,nadia.zayed@gmail.com,3200,2,6
619,Safia Nassar,safia.nassar@gmail.com,2200,2,1
620,Aisha Hammad,aisha.hammad@gmail.com,4000,1,10
621,Mustafa Mahameed,mustafa.mahameed@gmail.com,4000,1,10
622,Yassin Sulaiman,yassin.sulaiman@gmail.com,3600,1,8
623,Ibrahim Jamous,ibrahim.jamous@gmail.com,2200,2,1
624,Lina Shamasneh,lina.shamasneh@gmail.com,3800,1,9
625,Faisal Shamasneh,faisal.shamasneh@gmail.com,3400,1,7
626,Sara Ibrihaim,sara.ibrihaim@gmail.com,3800,1,9
627,Jaber Hammad,jaber.hammad@gmail.com,3200,1,6
628,Jasmine Mansour,jasmine.mansour@gmail.com,3000,1,5
629,Amira Shamasneh,amira.shamasneh@gmail.com,3800,1,9
630,Omar Qattan,omar.qattan@gmail.com,3400,2,7
631,Mona Najjar,mona.najjar@gmail.com,3800,2,9
632,Mona Younis,mona.younis@gmail.com,3800,1,9
633,Mahmoud Qattan,mahmoud.qattan@gmail.com,2600,2,3
634,Huda Hammad,huda.hammad@gmail.com,3600,2,8
635,Layla AbuSalah,layla.abusalah@gmail.com,3600,1,8
636,Amina Jaber,amina.jaber@gmail.com,3000,1,5
637,Huda AbuAmara,huda.abuamara@gmail.com,2400,2,2
638,Yassin Younis,yassin.younis@gmail.com,2800,2,4
639,Mona Mahameed,mona.mahameed@gmail.com,3800,2,9
640,Huda AbedRabbo,huda.abedrabbo@gmail.com,3400,1,7
641,Musa Younis,musa.younis@gmail.com,2600,2,3
642,Ahmed Najjar,ahmed.najjar@gmail.com,3800,2,9
643,Nadia AbuSaad,nadia.abusaad@gmail.com,2400,2,2
644,Huda Sarsour,huda.sarsour@gmail.com,2600,2,3
645,Rana Shtayyeh,rana.shtayyeh@gmail.com,3200,1,6
646,Yassin Abed,yassin.abed@gmail.com,3000,2,5
647,Amira Nassar,amira.nassar@gmail.com,2400,2,2
648,Faisal Hasan,faisal.hasan@gmail.com,3200,1,6
649,Mohammed Hammad,mohammed.hammad@gmail.com,3600,1,8
650,Mira Tamimi,mira.tamimi@gmail.com,3000,2,5
651,Aisha AbuZaid,aisha.abuzaid@gmail.com,2600,2,3
652,Dina Qasim,dina.qasim@gmail.com,3600,1,8
653,Huda Rahman,huda.rahman@gmail.com,3800,1,9
654,Tariq Salman,tariq.salman@gmail.com,3800,2,9
655,Yara Shamasneh,yara.shamasneh@gmail.com,4000,2,10
656,Sami AbuZaid,sami.abuzaid@gmail.com,2800,2,4
657,Rana AbuGhazaleh,rana.abughazaleh@gmail.com,3000,2,5
658,Yousef Odeh,yousef.odeh@gmail.com,2600,1,3
659,Amira Abed,amira.abed@gmail.com,4000,1,10
660,Yassin Hammad,yassin.hammad@gmail.com,4000,1,10
661,Mohammed Masri,mohammed.masri@gmail.com,2600,2,3
662,Yassin AbuKhater,yassin.abukhater@gmail.com,2600,2,3
663,Samira Farah,samira.farah@gmail.com,3000,1,5
664,Ibrahim Odeh,ibrahim.odeh@gmail.com,3400,1,7
665,Tala Mahameed,tala.mahameed@gmail.com,2800,1,4
666,Omar Jamous,omar.jamous@gmail.com,4000,1,10
667,Tariq Jamous,tariq.jamous@gmail.com,2200,2,1
668,Mahmoud Jamous,mahmoud.jamous@gmail.com,3600,1,8
669,Samira Farah,samira.farah@gmail.com,3000,1,5
670,Mustafa Daher,mustafa.daher@gmail.com,2200,1,1
671,Mahmoud Sulaiman,mahmoud.sulaiman@gmail.com,2200,2,1
672,Mustafa Salman,mustafa.salman@gmail.com,2200,2,1
673,Mira AbuShawish,mira.abushawish@gmail.com,2200,1,1
674,Rania Najjar,rania.najjar@gmail.com,3200,2,6
675,Maya Elayan,maya.elayan@gmail.com,3600,1,8
676,Mariam Taha,mariam.taha@gmail.com,3200,1,6
677,Hana AbuKharma,hana.abukharma@gmail.com,3200,2,6
678,Musa AbuShawish,musa.abushawish@gmail.com,3200,1,6
679,Mustafa Salman,mustafa.salman@gmail.com,2800,1,4
680,Leila AbuAmara,leila.abuamara@gmail.com,2200,2,1
681,Rania AbedRabbo,rania.abedrabbo@gmail.com,3000,1,5
682,Tariq Jaber,tariq.jaber@gmail.com,3600,1,8
683,Layla Hamoudeh,layla.hamoudeh@gmail.com,3200,1,6
684,Fatima Taha,fatima.taha@gmail.com,2600,2,3
685,Rania AbuSalah,rania.abusalah@gmail.com,2400,1,2
686,Adnan AbuGhazaleh,adnan.abughazaleh@gmail.com,3800,2,9
687,Ahmed Zuaiter,ahmed.zuaiter@gmail.com,3800,1,9
688,Dina Tamimi,dina.tamimi@gmail.com,3600,1,8
689,Lina Shalabi,lina.shalabi@gmail.com,3400,2,7
690,Abdullah AbuShawish,abdullah.abushawish@gmail.com,3600,1,8
691,Rashid AbuGhazaleh,rashid.abughazaleh@gmail.com,2600,1,3
692,Hamza AbuSaad,hamza.abusaad@gmail.com,2600,2,3
693,Mustafa Nassar,mustafa.nassar@gmail.com,3400,1,7
694,Ali Jamous,ali.jamous@gmail.com,3800,2,9
695,Mariam Shalabi,mariam.shalabi@gmail.com,2600,1,3
696,Jaber Zeidan,jaber.zeidan@gmail.com,2400,2,2
697,Sami Shamasneh,sami.shamasneh@gmail.com,2600,1,3
698,Maya Daher,maya.daher@gmail.com,3000,2,5
699,Tariq Hamad,tariq.hamad@gmail.com,3600,1,8
700,Lina Hamoudeh,lina.hamoudeh@gmail.com,2200,2,1
701,Mona AbuKharma,mona.abukharma@gmail.com,3200,1,6
702,Hamza AbuAmara,hamza.abuamara@gmail.com,4000,1,10
703,Musa Shtayyeh,musa.shtayyeh@gmail.com,2600,1,3
704,Samira AboShehada,samira.aboshehada@gmail.com,2400,2,2
705,Faisal AbedRabbo,faisal.abedrabbo@gmail.com,3000,1,5
706,Hamza Daher,hamza.daher@gmail.com,3000,2,5
707,Tariq Shalabi,tariq.shalabi@gmail.com,2200,1,1
708,Rania Daher,rania.daher@gmail.com,3800,1,9
709,Adnan Sarsour,adnan.sarsour@gmail.com,3000,2,5
710,Sara Nassar,sara.nassar@gmail.com,4000,1,10
711,Abdullah Hamad,abdullah.hamad@gmail.com,2400,2,2
712,Mahmoud AbuSalah,mahmoud.abusalah@gmail.com,3200,2,6
713,Zainab AbuSaad,zainab.abusaad@gmail.com,2800,1,4
714,Samira AbuGhazaleh,samira.abughazaleh@gmail.com,3800,2,9
715,Leila Shamasneh,leila.shamasneh@gmail.com,4000,1,10
716,Fatima AbuSalah,fatima.abusalah@gmail.com,2200,1,1
717,Maya Zeidan,maya.zeidan@gmail.com,3400,1,7
718,Yara Jamous,yara.jamous@gmail.com,3400,1,7
719,Safia Tamimi,safia.tamimi@gmail.com,2400,2,2
720,Yara Badawi,yara.badawi@gmail.com,2400,2,2
721,Yara Zeidan,yara.zeidan@gmail.com,3200,2,6
722,Salim Shtayyeh,salim.shtayyeh@gmail.com,3000,1,5
723,Yassin Hammad,yassin.hammad@gmail.com,2800,2,4
724,Fatima AbuShawish,fatima.abushawish@gmail.com,2400,1,2
725,Omar Zeidan,omar.zeidan@gmail.com,2800,2,4
726,Yara Qasim,yara.qasim@gmail.com,4000,1,10
727,Adnan AboShehada,adnan.aboshehada@gmail.com,2400,2,2
728,Lina AbuKharma,lina.abukharma@gmail.com,3600,1,8
729,Mona Shtayyeh,mona.shtayyeh@gmail.com,2200,2,1
730,Huda Zuaiter,huda.zuaiter@gmail.com,3600,1,8
731,Huda Aweidah,huda.aweidah@gmail.com,3000,1,5
732,Layla AbuZaid,layla.abuzaid@gmail.com,3000,2,5
733,Nour Nassar,nour.nassar@gmail.com,2200,2,1
734,Mahmoud AbedRabbo,mahmoud.abedrabbo@gmail.com,3000,1,5
735,Tariq Masri,tariq.masri@gmail.com,2200,2,1
736,Yousef Jaber,yousef.jaber@gmail.com,3200,1,6
737,Tariq AbuSaad,tariq.abusaad@gmail.com,2200,2,1
738,Fatima Nassar,fatima.nassar@gmail.com,3600,1,8
739,Saeed Khalaf,saeed.khalaf@gmail.com,3200,1,6
740,Mahmoud AbuKhater,mahmoud.abukhater@gmail.com,2800,1,4
741,Aisha Daher,aisha.daher@gmail.com,4000,1,10
742,Yara Sarsour,yara.sarsour@gmail.com,2800,2,4
743,Mohammed Zaanin,mohammed.zaanin@gmail.com,2200,2,1
744,Maya AbuKhater,maya.abukhater@gmail.com,2200,2,1
745,Nadia Saleh,nadia.saleh@gmail.com,2200,1,1
746,Tariq Rahman,tariq.rahman@gmail.com,3800,1,9
747,Samira Qattan,samira.qattan@gmail.com,3200,2,6
748,Rania Zaanin,rania.zaanin@gmail.com,2600,2,3
749,Layla Jamous,layla.jamous@gmail.com,2800,1,4
750,Tala AbuKhater,tala.abukhater@gmail.com,2600,1,3
751,Faisal Jabr,faisal.jabr@gmail.com,2200,1,1
752,Hana Hamoudeh,hana.hamoudeh@gmail.com,3600,2,8
753,Tariq Abed,tariq.abed@gmail.com,2400,1,2
754,Safia Mansour,safia.mansour@gmail.com,3600,1,8
755,Abdullah Younis,abdullah.younis@gmail.com,2400,2,2
756,Khalid Abed,khalid.abed@gmail.com,2600,2,3
757,Salim Shamasneh,salim.shamasneh@gmail.com,2400,1,2
758,Yousef Jabr,yousef.jabr@gmail.com,4000,1,10
759,Amira Mahameed,amira.mahameed@gmail.com,3200,2,6
760,Samira Shamasneh,samira.shamasneh@gmail.com,2800,2,4
761,Jasmine AboShehada,jasmine.aboshehada@gmail.com,3200,1,6
762,Farah AboShehada,farah.aboshehada@gmail.com,2600,1,3
763,Faisal Daher,faisal.daher@gmail.com,2400,1,2
764,Nadia Sulaiman,nadia.sulaiman@gmail.com,3800,1,9
765,Fatima AbuKhater,fatima.abukhater@gmail.com,2400,1,2
766,Hassan Younis,hassan.younis@gmail.com,2400,1,2
767,Yousef Zaanin,yousef.zaanin@gmail.com,3200,1,6
768,Jaber Najjar,jaber.najjar@gmail.com,2600,2,3
769,Amira Qattan,amira.qattan@gmail.com,2200,1,1
770,Amira Tamimi,amira.tamimi@gmail.com,3200,1,6
771,Dina Abed,dina.abed@gmail.com,3000,1,5
772,Nasser Mahameed,nasser.mahameed@gmail.com,2800,1,4
773,Leila Tamimi,leila.tamimi@gmail.com,3400,2,7
774,Hamza Aweidah,hamza.aweidah@gmail.com,3400,1,7
775,Salim Shalabi,salim.shalabi@gmail.com,3200,1,6
776,Hamza Sarsour,hamza.sarsour@gmail.com,3200,1,6
777,Mustafa Zuaiter,mustafa.zuaiter@gmail.com,3000,1,5
778,Rashid Taha,rashid.taha@gmail.com,2600,2,3
779,Omar Aweidah,omar.aweidah@gmail.com,3000,2,5
780,Salim Jaber,salim.jaber@gmail.com,2200,2,1
781,Ibrahim Ibrihaim,ibrahim.ibrihaim@gmail.com,3800,2,9
782,Tariq Salman,tariq.salman@gmail.com,4000,2,10
783,Jasmine Jamous,jasmine.jamous@gmail.com,2600,1,3
784,Rana Masri,rana.masri@gmail.com,3000,1,5
785,Zainab AbuShawish,zainab.abushawish@gmail.com,4000,2,10
786,Yara AbuKhater,yara.abukhater@gmail.com,4000,1,10
787,Rania AboShehada,rania.aboshehada@gmail.com,2600,1,3
788,Yara Hamoudeh,yara.hamoudeh@gmail.com,2600,1,3
789,Abdullah Shamasneh,abdullah.shamasneh@gmail.com,2200,2,1
790,Mohammed Salman,mohammed.salman@gmail.com,2600,2,3
791,Lina Hamad,lina.hamad@gmail.com,3000,2,5
792,Farah Hamad,farah.hamad@gmail.com,3200,2,6
793,Lina Hammad,lina.hammad@gmail.com,3000,1,5
794,Yassin Masri,yassin.masri@gmail.com,4000,1,10
795,Jasmine Shamasneh,jasmine.shamasneh@gmail.com,2600,1,3
796,Hana Jamous,hana.jamous@gmail.com,3200,1,6
797,Hassan AbuGhazaleh,hassan.abughazaleh@gmail.com,4000,2,10
798,Amira Zeidan,amira.zeidan@gmail.com,3200,1,6
799,Nasser Sulaiman,nasser.sulaiman@gmail.com,3200,2,6
800,Khalid Saleh,khalid.saleh@gmail.com,3600,1,8
801,Nasser AbuSaad,nasser.abusaad@gmail.com,2800,2,4
802,Hassan Salman,hassan.salman@gmail.com,3400,1,7
803,Mona Zaanin,mona.zaanin@gmail.com,2600,2,3
804,Saeed Aweidah,saeed.aweidah@gmail.com,4000,2,10
805,Rania AbuShkeir,rania.abushkeir@gmail.com,2400,2,2
806,Yassin Younis,yassin.younis@gmail.com,3800,1,9
807,Maya Shamasneh,maya.shamasneh@gmail.com,3800,2,9
808,Ibrahim Hamoudeh,ibrahim.hamoudeh@gmail.com,4000,1,10
809,Lina Jabr,lina.jabr@gmail.com,2800,2,4
810,Maya AbuGhazaleh,maya.abughazaleh@gmail.com,3800,1,9
811,Tala Tamimi,tala.tamimi@gmail.com,2800,2,4
812,Omar Hammad,omar.hammad@gmail.com,2600,2,3
813,Mohammed Zayed,mohammed.zayed@gmail.com,3800,1,9
814,Saeed Qattan,saeed.qattan@gmail.com,2200,2,1
815,Khalid Jamous,khalid.jamous@gmail.com,2600,1,3
816,Tariq AbedRabbo,tariq.abedrabbo@gmail.com,3800,1,9
817,Aisha AbuAmara,aisha.abuamara@gmail.com,2400,2,2
818,Yassin Zeidan,yassin.zeidan@gmail.com,2200,2,1
819,Yousef Shamasneh,yousef.shamasneh@gmail.com,2200,1,1
820,Tala Badawi,tala.badawi@gmail.com,4000,1,10
821,Aisha Salman,aisha.salman@gmail.com,3200,2,6
822,Khalid Tamimi,khalid.tamimi@gmail.com,2200,2,1
823,Mona Zaanin,mona.zaanin@gmail.com,3200,2,6
824,Yousef Mansour,yousef.mansour@gmail.com,2200,2,1
825,Zahra AbuZaid,zahra.abuzaid@gmail.com,2200,1,1
826,Leila Hasan,leila.hasan@gmail.com,2400,1,2
827,Salim Shamasneh,salim.shamasneh@gmail.com,2600,2,3
828,Amira Elayan,amira.elayan@gmail.com,2200,1,1
829,Aisha Farah,aisha.farah@gmail.com,2400,2,2
830,Samira Hammad,samira.hammad@gmail.com,3800,2,9
831,Safia Masri,safia.masri@gmail.com,4000,1,10
832,Yousef Saleh,yousef.saleh@gmail.com,3600,1,8
833,Farah Elayan,farah.elayan@gmail.com,3200,1,6
834,Yassin Zeidan,yassin.zeidan@gmail.com,2400,1,2
835,Leila Farah,leila.farah@gmail.com,3800,2,9
836,Tariq Masri,tariq.masri@gmail.com,3200,1,6
837,Saeed Tamimi,saeed.tamimi@gmail.com,2800,2,4
838,Jasmine Mansour,jasmine.mansour@gmail.com,4000,2,10
839,Rania Zuaiter,rania.zuaiter@gmail.com,2400,1,2
840,Mustafa Jamous,mustafa.jamous@gmail.com,4000,2,10
841,Zainab Zeidan,zainab.zeidan@gmail.com,3200,2,6
842,Mohammed Zuaiter,mohammed.zuaiter@gmail.com,2800,1,4
843,Khalid AbuShkeir,khalid.abushkeir@gmail.com,2200,1,1
844,Hana Zeidan,hana.zeidan@gmail.com,3800,1,9
845,Saeed AbuSaad,saeed.abusaad@gmail.com,3000,1,5
846,Tariq Tamimi,tariq.tamimi@gmail.com,2200,2,1
847,Khalid Najjar,khalid.najjar@gmail.com,2400,1,2
848,Jasmine Jaber,jasmine.jaber@gmail.com,3600,2,8
849,Zainab Ibrihaim,zainab.ibrihaim@gmail.com,3200,1,6
850,Leila AbedRabbo,leila.abedrabbo@gmail.com,3000,2,5
851,Adnan AbuKharma,adnan.abukharma@gmail.com,2400,1,2
852,Amira Shtayyeh,amira.shtayyeh@gmail.com,3800,2,9
853,Musa Daher,musa.daher@gmail.com,3400,1,7
854,Mariam Hamoudeh,mariam.hamoudeh@gmail.com,2200,1,1
855,Rania Jaber,rania.jaber@gmail.com,3000,2,5
856,Ahmed Odeh,ahmed.odeh@gmail.com,3600,2,8
857,Aisha Elayan,aisha.elayan@gmail.com,3800,2,9
858,Maya Najjar,maya.najjar@gmail.com,3200,2,6
859,Mira Zaanin,mira.zaanin@gmail.com,3800,1,9
860,Hana Sarsour,hana.sarsour@gmail.com,3400,1,7
861,Fatima Badawi,fatima.badawi@gmail.com,2800,1,4
862,Farah Elayan,farah.elayan@gmail.com,3600,2,8
863,Nasser Najjar,nasser.najjar@gmail.com,3400,1,7
864,Adnan Qattan,adnan.qattan@gmail.com,3400,2,7
865,Zahra Salman,zahra.salman@gmail.com,3200,2,6
866,Jasmine Tamimi,jasmine.tamimi@gmail.com,2400,1,2
867,Jaber AbuSalah,jaber.abusalah@gmail.com,2200,2,1
868,Rashid AbuSalah,rashid.abusalah@gmail.com,2200,2,1
869,Samira AbuAmara,samira.abuamara@gmail.com,2200,1,1
870,Mira Najjar,mira.najjar@gmail.com,3000,2,5
871,Mahmoud Nassar,mahmoud.nassar@gmail.com,4000,1,10
872,Ali Khalaf,ali.khalaf@gmail.com,2600,2,3
873,Mahmoud Hamoudeh,mahmoud.hamoudeh@gmail.com,2400,1,2
874,Jaber Hamoudeh,jaber.hamoudeh@gmail.com,2600,1,3
875,Rana Najjar,rana.najjar@gmail.com,3400,1,7
876,Yassin Salman,yassin.salman@gmail.com,3800,1,9
877,Hamza Abed,hamza.abed@gmail.com,3600,2,8
878,Amina AbuSalah,amina.abusalah@gmail.com,2800,1,4
879,Ibrahim Younis,ibrahim.younis@gmail.com,3000,2,5
880,Lina AbuAmara,lina.abuamara@gmail.com,2600,2,3
881,Yara Qattan,yara.qattan@gmail.com,2800,1,4
882,Sami Hammad,sami.hammad@gmail.com,4000,1,10
883,Ali AbuKhater,ali.abukhater@gmail.com,2600,1,3
884,Layla Shalabi,layla.shalabi@gmail.com,2200,1,1
885,Farah AbuKhater,farah.abukhater@gmail.com,3600,2,8
886,Jaber Saleh,jaber.saleh@gmail.com,2400,2,2
887,Huda AbuKhater,huda.abukhater@gmail.com,2800,2,4
888,Hamza Rahman,hamza.rahman@gmail.com,2400,2,2
889,Mohammed Tamimi,mohammed.tamimi@gmail.com,3600,2,8
890,Tala AbuZaid,tala.abuzaid@gmail.com,2200,2,1
891,Hassan Hammad,hassan.hammad@gmail.com,4000,2,10
892,Musa Jaber,musa.jaber@gmail.com,3600,1,8
893,Sami Hasan,sami.hasan@gmail.com,3200,2,6
894,Saeed Qattan,saeed.qattan@gmail.com,2200,1,1
895,Hana Hasan,hana.hasan@gmail.com,3200,2,6
896,Mohammed Zuaiter,mohammed.zuaiter@gmail.com,2200,1,1
897,Ali Hasan,ali.hasan@gmail.com,2400,2,2
898,Jasmine Mansour,jasmine.mansour@gmail.com,3000,2,5
899,Salim Hamoudeh,salim.hamoudeh@gmail.com,3400,2,7
900,Hassan Zuaiter,hassan.zuaiter@gmail.com,2600,1,3
901,Tariq Tamimi,tariq.tamimi@gmail.com,2600,2,3
902,Saeed Sarsour,saeed.sarsour@gmail.com,2800,2,4
903,Hamza AbedRabbo,hamza.abedrabbo@gmail.com,4000,1,10
904,Jaber Salman,jaber.salman@gmail.com,3800,1,9
905,Sara Younis,sara.younis@gmail.com,2200,2,1
906,Omar Zayed,omar.zayed@gmail.com,3800,1,9
907,Mustafa Jaber,mustafa.jaber@gmail.com,3800,1,9
908,Yousef Jamous,yousef.jamous@gmail.com,3200,1,6
909,Mahmoud AbuGhazaleh,mahmoud.abughazaleh@gmail.com,2200,1,1
910,Tariq Masri,tariq.masri@gmail.com,2600,1,3
911,Rashid Jamous,rashid.jamous@gmail.com,4000,2,10
912,Samira Hamad,samira.hamad@gmail.com,3600,1,8
913,Khalid Hasan,khalid.hasan@gmail.com,3800,2,9
914,Hana Rahman,hana.rahman@gmail.com,3600,1,8
915,Saeed Hasan,saeed.hasan@gmail.com,4000,1,10
916,Omar AbuGhazaleh,omar.abughazaleh@gmail.com,3600,1,8
917,Hana AbuKharma,hana.abukharma@gmail.com,4000,1,10
918,Yassin Jamous,yassin.jamous@gmail.com,2800,1,4
919,Mona Hamad,mona.hamad@gmail.com,2600,1,3
920,Fatima Shamasneh,fatima.shamasneh@gmail.com,3200,1,6
921,Mohammed Saleh,mohammed.saleh@gmail.com,3600,2,8
922,Mariam Sarsour,mariam.sarsour@gmail.com,3400,2,7
923,Faisal Nassar,faisal.nassar@gmail.com,3200,2,6
924,Jasmine Badawi,jasmine.badawi@gmail.com,2200,1,1
925,Hana Saleh,hana.saleh@gmail.com,2800,1,4
926,Salim Hammad,salim.hammad@gmail.com,3200,1,6
927,Mariam Taha,mariam.taha@gmail.com,3600,2,8
928,Mariam Najjar,mariam.najjar@gmail.com,3200,2,6
929,Ali Saleh,ali.saleh@gmail.com,3600,2,8
930,Rashid Najjar,rashid.najjar@gmail.com,3800,1,9
931,Zahra Zuaiter,zahra.zuaiter@gmail.com,2400,1,2
932,Mahmoud Mahameed,mahmoud.mahameed@gmail.com,2200,2,1
933,Rania Shalabi,rania.shalabi@gmail.com,3600,2,8
934,Ali Badawi,ali.badawi@gmail.com,2400,2,2
935,Khalid AboShehada,khalid.aboshehada@gmail.com,2400,1,2
936,Omar Hasan,omar.hasan@gmail.com,4000,2,10
937,Mahmoud Salman,mahmoud.salman@gmail.com,2200,1,1
938,Farah AboShehada,farah.aboshehada@gmail.com,2600,2,3
939,Sara Saleh,sara.saleh@gmail.com,3200,2,6
940,Musa Abed,musa.abed@gmail.com,2400,2,2
941,Abdullah Abed,abdullah.abed@gmail.com,3000,2,5
942,Amira Shamasneh,amira.shamasneh@gmail.com,2200,2,1
943,Omar Salman,omar.salman@gmail.com,2200,1,1
944,Sami Badawi,sami.badawi@gmail.com,3200,2,6
945,Omar Rahman,omar.rahman@gmail.com,2400,1,2
946,Jasmine AbuSalah,jasmine.abusalah@gmail.com,3000,1,5
947,Mira Shtayyeh,mira.shtayyeh@gmail.com,2400,1,2
948,Rashid Najjar,rashid.najjar@gmail.com,2400,1,2
949,Abdullah Masri,abdullah.masri@gmail.com,2600,2,3
950,Amina Elayan,amina.elayan@gmail.com,2200,1,1
951,Hassan Zaanin,hassan.zaanin@gmail.com,2600,2,3
952,Amina Daher,amina.daher@gmail.com,3600,1,8
953,Jaber Rahman,jaber.rahman@gmail.com,3800,1,9
954,Saeed Abed,saeed.abed@gmail.com,2400,1,2
955,Zahra AbuShkeir,zahra.abushkeir@gmail.com,3200,2,6
956,Salim Qattan,salim.qattan@gmail.com,3800,2,9
957,Faisal Qattan,faisal.qattan@gmail.com,3800,1,9
958,Yara Abed,yara.abed@gmail.com,2800,2,4
959,Ahmed AboShehada,ahmed.aboshehada@gmail.com,2800,2,4
960,Omar AbuSaad,omar.abusaad@gmail.com,3200,1,6
961,Adnan Hasan,adnan.hasan@gmail.com,3800,2,9
962,Zahra AbuShawish,zahra.abushawish@gmail.com,4000,2,10
963,Tala AbuKharma,tala.abukharma@gmail.com,2200,2,1
964,Hamza Tamimi,hamza.tamimi@gmail.com,3800,1,9
965,Yara AboShehada,yara.aboshehada@gmail.com,2600,2,3
966,Amira Abed,amira.abed@gmail.com,3000,2,5
967,Amina Aweidah,amina.aweidah@gmail.com,3200,2,6
968,Samira Jaber,samira.jaber@gmail.com,3800,1,9
969,Adnan Farah,adnan.farah@gmail.com,3200,2,6
970,Hassan Tamimi,hassan.tamimi@gmail.com,3600,2,8
971,Yousef AboShehada,yousef.aboshehada@gmail.com,3000,1,5
972,Zainab Hasan,zainab.hasan@gmail.com,3000,2,5
973,Khalid Zaanin,khalid.zaanin@gmail.com,3600,2,8
974,Sara Sulaiman,sara.sulaiman@gmail.com,3400,2,7
975,Adnan Zaanin,adnan.zaanin@gmail.com,2200,2,1
976,Mahmoud AbuKharma,mahmoud.abukharma@gmail.com,3600,2,8
977,Layla Rahman,layla.rahman@gmail.com,4000,2,10
978,Rashid Qasim,rashid.qasim@gmail.com,3600,2,8
979,Maya Badawi,maya.badawi@gmail.com,2200,1,1
980,Tariq Daher,tariq.daher@gmail.com,2400,2,2
981,Saeed Zayed,saeed.zayed@gmail.com,3800,1,9
982,Dina Ibrihaim,dina.ibrihaim@gmail.com,3600,1,8
983,Mira Tamimi,mira.tamimi@gmail.com,2200,1,1
984,Khalid Hammad,khalid.hammad@gmail.com,2600,1,3
985,Layla Hamad,layla.hamad@gmail.com,2800,2,4
986,Lina Daher,lina.daher@gmail.com,3800,2,9
987,Khalid Zeidan,khalid.zeidan@gmail.com,2200,2,1
988,Mira Qattan,mira.qattan@gmail.com,3800,1,9
989,Ibrahim Sulaiman,ibrahim.sulaiman@gmail.com,2600,1,3
990,Zahra AbuGhazaleh,zahra.abughazaleh@gmail.com,2800,2,4
991,Safia AbedRabbo,safia.abedrabbo@gmail.com,2800,2,4
992,Mohammed Hammad,mohammed.hammad@gmail.com,4000,2,10
993,Adnan Hamad,adnan.hamad@gmail.com,4000,1,10
994,Rana Tamimi,rana.tamimi@gmail.com,3800,2,9
995,Farah Hammad,farah.hammad@gmail.com,3000,1,5
996,Faisal Taha,faisal.taha@gmail.com,2200,2,1
997,Samira Hasan,samira.hasan@gmail.com,3000,1,5
998,Yara AbuZaid,yara.abuzaid@gmail.com,2400,2,2
999,Rania Rahman,rania.rahman@gmail.com,3600,1,8
1000,Jasmine AbuAmara,jasmine.abuamara@gmail.com,2800,1,4
